<?xml version="1.0" encoding="utf-8" standalone="yes"?>
<rss version="2.0" xmlns:atom="http://www.w3.org/2005/Atom">
  <channel>
    <title>Computer Cookbook School Recruitment</title>
    <link>https://books.grayson.top/school-recruitment/docs/algorithm/2%E9%AB%98%E9%A2%91%E9%9D%A2%E8%AF%95%E9%A2%98/2.5-%E9%93%BE%E8%A1%A8/</link>
    <description>Recent content on Computer Cookbook School Recruitment</description>
    <generator>Hugo -- gohugo.io</generator><atom:link href="https://books.grayson.top/school-recruitment/docs/algorithm/2%E9%AB%98%E9%A2%91%E9%9D%A2%E8%AF%95%E9%A2%98/2.5-%E9%93%BE%E8%A1%A8/index.xml" rel="self" type="application/rss+xml" />
    <item>
      <title></title>
      <link>https://books.grayson.top/school-recruitment/docs/algorithm/2%E9%AB%98%E9%A2%91%E9%9D%A2%E8%AF%95%E9%A2%98/2.5-%E9%93%BE%E8%A1%A8/2.5.1-%E7%8E%AF%E5%BD%A2%E9%93%BE%E8%A1%A8-II/</link>
      <pubDate>Mon, 01 Jan 0001 00:00:00 +0000</pubDate>
      
      <guid>https://books.grayson.top/school-recruitment/docs/algorithm/2%E9%AB%98%E9%A2%91%E9%9D%A2%E8%AF%95%E9%A2%98/2.5-%E9%93%BE%E8%A1%A8/2.5.1-%E7%8E%AF%E5%BD%A2%E9%93%BE%E8%A1%A8-II/</guid>
      <description>环形链表 II #  1 题目 #  给定一个链表，返回链表开始入环的第一个节点。 如果链表无环，则返回 null。
为了表示给定链表中的环，我们使用整数 pos 来表示链表尾连接到链表中的位置（索引从 0 开始）。 如果 pos 是 -1，则在该链表中没有环。注意，pos 仅仅是用于标识环的情况，并不会作为参数传递到函数中。
说明： 不允许修改给定的链表。
进阶：
 你是否可以使用 O(1) 空间解决此题？  示例 1：
 输入：head = [3,2,0,-4], pos = 1 输出：返回索引为 1 的链表节点 解释：链表中有一个环，其尾部连接到第二个节点。 示例 2：
 输入：head = [1,2], pos = 0 输出：返回索引为 0 的链表节点 解释：链表中有一个环，其尾部连接到第一个节点。 示例 3：
 输入：head = [1], pos = -1 输出：返回 null 解释：链表中没有环。 提示：
 链表中节点的数目范围在范围 [0, 104] 内 -105 &amp;lt;= Node.</description>
    </item>
    
    <item>
      <title></title>
      <link>https://books.grayson.top/school-recruitment/docs/algorithm/2%E9%AB%98%E9%A2%91%E9%9D%A2%E8%AF%95%E9%A2%98/2.5-%E9%93%BE%E8%A1%A8/2.5.2-%E5%A6%82%E4%BD%95%E9%AB%98%E6%95%88%E5%88%A4%E6%96%AD%E5%9B%9E%E6%96%87%E9%93%BE%E8%A1%A8/</link>
      <pubDate>Mon, 01 Jan 0001 00:00:00 +0000</pubDate>
      
      <guid>https://books.grayson.top/school-recruitment/docs/algorithm/2%E9%AB%98%E9%A2%91%E9%9D%A2%E8%AF%95%E9%A2%98/2.5-%E9%93%BE%E8%A1%A8/2.5.2-%E5%A6%82%E4%BD%95%E9%AB%98%E6%95%88%E5%88%A4%E6%96%AD%E5%9B%9E%E6%96%87%E9%93%BE%E8%A1%A8/</guid>
      <description>如何高效判断回文链表 #  1 题目 #  请判断一个链表是否为回文链表。
示例 1:
输入: 1-&amp;gt;2 输出: false 示例 2:
输入: 1-&amp;gt;2-&amp;gt;2-&amp;gt;1 输出: true 进阶： 你能否用 O(n) 时间复杂度和 O(1) 空间复杂度解决此题？
2 不同解法 #  2.1 创建一个新的单链表 #  我们可以把原始链表反转存入一条新的链表，然后比较这两个链表是否相同即可。
/** * Definition for singly-linked list. */ public static class ListNode { int val; ListNode next; ListNode() {} ListNode(int val) { this.val = val; } ListNode(int val, ListNode next) { this.val = val; this.next = next; } } /** * 反转链表 * @param head 单链表的头指针 * @return 反转后的链表 */ private static ListNode reverse(ListNode head) { ListNode p = null; // 遍历并反转链表  while (head !</description>
    </item>
    
    <item>
      <title></title>
      <link>https://books.grayson.top/school-recruitment/docs/algorithm/2%E9%AB%98%E9%A2%91%E9%9D%A2%E8%AF%95%E9%A2%98/2.5-%E9%93%BE%E8%A1%A8/2.5.3-K-%E4%B8%AA%E4%B8%80%E7%BB%84%E7%BF%BB%E8%BD%AC%E9%93%BE%E8%A1%A8/</link>
      <pubDate>Mon, 01 Jan 0001 00:00:00 +0000</pubDate>
      
      <guid>https://books.grayson.top/school-recruitment/docs/algorithm/2%E9%AB%98%E9%A2%91%E9%9D%A2%E8%AF%95%E9%A2%98/2.5-%E9%93%BE%E8%A1%A8/2.5.3-K-%E4%B8%AA%E4%B8%80%E7%BB%84%E7%BF%BB%E8%BD%AC%E9%93%BE%E8%A1%A8/</guid>
      <description>K 个一组翻转链表 #  1 题目 #  给你一个链表，每 k 个节点一组进行翻转，请你返回翻转后的链表。
k 是一个正整数，它的值小于或等于链表的长度。
如果节点总数不是 k 的整数倍，那么请将最后剩余的节点保持原有顺序。
进阶：
 你可以设计一个只使用常数额外空间的算法来解决此问题吗？ 你不能只是单纯的改变节点内部的值，而是需要实际进行节点交换。  示例 1：
 输入：head = [1,2,3,4,5], k = 2 输出：[2,1,4,3,5] 示例 2：
 输入：head = [1,2,3,4,5], k = 3 输出：[3,2,1,4,5] 示例 3：
输入：head = [1,2,3,4,5], k = 1 输出：[1,2,3,4,5] 示例 4：
输入：head = [1], k = 1 输出：[1] 提示：
 列表中节点的数量在范围 sz 内 1 &amp;lt;= sz &amp;lt;= 5000 0 &amp;lt;= Node.</description>
    </item>
    
    <item>
      <title></title>
      <link>https://books.grayson.top/school-recruitment/docs/algorithm/2%E9%AB%98%E9%A2%91%E9%9D%A2%E8%AF%95%E9%A2%98/2.5-%E9%93%BE%E8%A1%A8/2.5.4-%E7%9B%B8%E4%BA%A4%E9%93%BE%E8%A1%A8/</link>
      <pubDate>Mon, 01 Jan 0001 00:00:00 +0000</pubDate>
      
      <guid>https://books.grayson.top/school-recruitment/docs/algorithm/2%E9%AB%98%E9%A2%91%E9%9D%A2%E8%AF%95%E9%A2%98/2.5-%E9%93%BE%E8%A1%A8/2.5.4-%E7%9B%B8%E4%BA%A4%E9%93%BE%E8%A1%A8/</guid>
      <description>相交链表 #  1 题目 #  编写一个程序，找到两个单链表相交的起始节点。
如下面的两个链表：
 在节点 c1 开始相交。
示例 1：
 输入：intersectVal = 8, listA = [4,1,8,4,5], listB = [5,0,1,8,4,5], skipA = 2, skipB = 3 输出：Reference of the node with value = 8 输入解释：相交节点的值为 8 （注意，如果两个链表相交则不能为 0）。从各自的表头开始算起，链表 A 为 [4,1,8,4,5]，链表 B 为 [5,0,1,8,4,5]。在 A 中，相交节点前有 2 个节点；在 B 中，相交节点前有 3 个节点。 示例 2：
 输入：intersectVal = 2, listA = [0,9,1,2,4], listB = [3,2,4], skipA = 3, skipB = 1 输出：Reference of the node with value = 2 输入解释：相交节点的值为 2 （注意，如果两个链表相交则不能为 0）。从各自的表头开始算起，链表 A 为 [0,9,1,2,4]，链表 B 为 [3,2,4]。在 A 中，相交节点前有 3 个节点；在 B 中，相交节点前有 1 个节点。 示例 3：</description>
    </item>
    
    <item>
      <title></title>
      <link>https://books.grayson.top/school-recruitment/docs/algorithm/2%E9%AB%98%E9%A2%91%E9%9D%A2%E8%AF%95%E9%A2%98/2.5-%E9%93%BE%E8%A1%A8/2.5.5-%E9%93%BE%E8%A1%A8%E4%B8%AD%E5%80%92%E6%95%B0%E7%AC%ACk%E4%B8%AA%E8%8A%82%E7%82%B9/</link>
      <pubDate>Mon, 01 Jan 0001 00:00:00 +0000</pubDate>
      
      <guid>https://books.grayson.top/school-recruitment/docs/algorithm/2%E9%AB%98%E9%A2%91%E9%9D%A2%E8%AF%95%E9%A2%98/2.5-%E9%93%BE%E8%A1%A8/2.5.5-%E9%93%BE%E8%A1%A8%E4%B8%AD%E5%80%92%E6%95%B0%E7%AC%ACk%E4%B8%AA%E8%8A%82%E7%82%B9/</guid>
      <description>链表中倒数第k个节点 #  1 题目 #  输入一个链表，输出该链表中倒数第 k 个节点。为了符合大多数人的习惯，本题从 1 开始计数，即链表的尾节点是倒数第 1 个节点。
例如，一个链表有 6 个节点，从头节点开始，它们的值依次是 1、2、3、4、5、6。这个链表的倒数第 3 个节点是值为 4 的节点。
示例：
给定一个链表: 1-&amp;gt;2-&amp;gt;3-&amp;gt;4-&amp;gt;5, 和 k = 2. 返回链表 4-&amp;gt;5.  和该题目类似的题目还有：
  19. 删除链表的倒数第 N 个结点。   2 解题思路 #  2.1 两次遍历 #  2.1.1 问题分析 #   先遍历一下链表，统计一下总的节点个数 $total$。 然后再遍历一下链表，将指针 $p$ 向前移动 $total - k$ 步，此时 $p$ 指向的节点即为倒数第 $k$ 个节点。  2.1.2 参考代码 #  /** * 剑指 Offer 22.</description>
    </item>
    
    <item>
      <title></title>
      <link>https://books.grayson.top/school-recruitment/docs/algorithm/2%E9%AB%98%E9%A2%91%E9%9D%A2%E8%AF%95%E9%A2%98/2.5-%E9%93%BE%E8%A1%A8/2.5.6-%E5%90%88%E5%B9%B6K%E4%B8%AA%E5%8D%87%E5%BA%8F%E9%93%BE%E8%A1%A8/</link>
      <pubDate>Mon, 01 Jan 0001 00:00:00 +0000</pubDate>
      
      <guid>https://books.grayson.top/school-recruitment/docs/algorithm/2%E9%AB%98%E9%A2%91%E9%9D%A2%E8%AF%95%E9%A2%98/2.5-%E9%93%BE%E8%A1%A8/2.5.6-%E5%90%88%E5%B9%B6K%E4%B8%AA%E5%8D%87%E5%BA%8F%E9%93%BE%E8%A1%A8/</guid>
      <description>合并K个升序链表 #  1 题目 #  给你一个链表数组，每个链表都已经按升序排列。
请你将所有链表合并到一个升序链表中，返回合并后的链表。
示例 1：
输入：lists = [[1,4,5],[1,3,4],[2,6]] 输出：[1,1,2,3,4,4,5,6] 解释：链表数组如下： [ 1-&amp;gt;4-&amp;gt;5, 1-&amp;gt;3-&amp;gt;4, 2-&amp;gt;6 ] 将它们合并到一个有序链表中得到。 1-&amp;gt;1-&amp;gt;2-&amp;gt;3-&amp;gt;4-&amp;gt;4-&amp;gt;5-&amp;gt;6 示例 2：
输入：lists = [] 输出：[] 示例 3：
输入：lists = [[]] 输出：[] 提示：
 k == lists.length 0 &amp;lt;= k &amp;lt;= 10^4 0 &amp;lt;= lists[i].length &amp;lt;= 500 -10^4 &amp;lt;= lists[i][j] &amp;lt;= 10^4 lists[i] 按 升序 排列 lists[i].length 的总和不超过 10^4  2 解题思路 #  2.1 两两合并 #  2.</description>
    </item>
    
  </channel>
</rss>
