<?xml version="1.0" encoding="utf-8" standalone="yes"?>
<rss version="2.0" xmlns:atom="http://www.w3.org/2005/Atom">
  <channel>
    <title>1、计算机网络 on Computer Cookbook School Recruitment</title>
    <link>https://books.grayson.top/school-recruitment/docs/computer-basics/1%E8%AE%A1%E7%AE%97%E6%9C%BA%E7%BD%91%E7%BB%9C/</link>
    <description>Recent content in 1、计算机网络 on Computer Cookbook School Recruitment</description>
    <generator>Hugo -- gohugo.io</generator><atom:link href="https://books.grayson.top/school-recruitment/docs/computer-basics/1%E8%AE%A1%E7%AE%97%E6%9C%BA%E7%BD%91%E7%BB%9C/index.xml" rel="self" type="application/rss+xml" />
  </channel>
</rss>
