<?xml version="1.0" encoding="utf-8" standalone="yes"?>
<rss version="2.0" xmlns:atom="http://www.w3.org/2005/Atom">
  <channel>
    <title>Computer Cookbook School Recruitment</title>
    <link>https://books.grayson.top/school-recruitment/docs/algorithm/1%E7%AE%97%E6%B3%95%E6%A1%86%E6%9E%B6/1.2-%E4%BA%8C%E5%88%86%E6%9F%A5%E6%89%BE/</link>
    <description>Recent content on Computer Cookbook School Recruitment</description>
    <generator>Hugo -- gohugo.io</generator><atom:link href="https://books.grayson.top/school-recruitment/docs/algorithm/1%E7%AE%97%E6%B3%95%E6%A1%86%E6%9E%B6/1.2-%E4%BA%8C%E5%88%86%E6%9F%A5%E6%89%BE/index.xml" rel="self" type="application/rss+xml" />
    <item>
      <title></title>
      <link>https://books.grayson.top/school-recruitment/docs/algorithm/1%E7%AE%97%E6%B3%95%E6%A1%86%E6%9E%B6/1.2-%E4%BA%8C%E5%88%86%E6%9F%A5%E6%89%BE/1.2.1-%E4%BA%8C%E5%88%86%E6%9F%A5%E6%89%BE%E6%A1%86%E6%9E%B6/</link>
      <pubDate>Mon, 01 Jan 0001 00:00:00 +0000</pubDate>
      
      <guid>https://books.grayson.top/school-recruitment/docs/algorithm/1%E7%AE%97%E6%B3%95%E6%A1%86%E6%9E%B6/1.2-%E4%BA%8C%E5%88%86%E6%9F%A5%E6%89%BE/1.2.1-%E4%BA%8C%E5%88%86%E6%9F%A5%E6%89%BE%E6%A1%86%E6%9E%B6/</guid>
      <description>二分查找框架 #  package com.grayson.top; import java.util.List; /** * @author peng.wei * @version 1.0 * @date 2021/3/21 14:25 * @Description 二分查找算法框架 */ public class BinarySearch { /** * 二分查找算法 * @param nums 原始数组 * @param target 目标值 * @return 目标值在原始数组中的位置 */ public static int binarySearch(int[] nums, int target) { int left = 0, right = nums.length - 1; while (left &amp;lt;= right) { // 为了防止 (left + right) 太大导致溢出  int mid = left + (right - left) / 2; if (nums[mid] &amp;lt; target) {left = mid + 1;} else if (nums[mid] &amp;gt; target) {right = mid - 1;} // 直接返回  else if (nums[mid] == target) {return mid;} } // 直接返回  return -1; } /** * 寻找左侧边界的二分查找算法 * @param nums 原始数组 * @param target 目标值 * @return 目标值在原始数组中的位置 */ public static Integer leftBond(int[] nums, int target) { int left = 0, right = nums.</description>
    </item>
    
    <item>
      <title></title>
      <link>https://books.grayson.top/school-recruitment/docs/algorithm/1%E7%AE%97%E6%B3%95%E6%A1%86%E6%9E%B6/1.2-%E4%BA%8C%E5%88%86%E6%9F%A5%E6%89%BE/1.2.2-%E6%90%9C%E7%B4%A2%E6%97%8B%E8%BD%AC%E6%8E%92%E5%BA%8F%E6%95%B0%E7%BB%84/</link>
      <pubDate>Mon, 01 Jan 0001 00:00:00 +0000</pubDate>
      
      <guid>https://books.grayson.top/school-recruitment/docs/algorithm/1%E7%AE%97%E6%B3%95%E6%A1%86%E6%9E%B6/1.2-%E4%BA%8C%E5%88%86%E6%9F%A5%E6%89%BE/1.2.2-%E6%90%9C%E7%B4%A2%E6%97%8B%E8%BD%AC%E6%8E%92%E5%BA%8F%E6%95%B0%E7%BB%84/</guid>
      <description>搜索旋转排序数组 #  1 题目 #  整数数组 nums 按升序排列，数组中的值 互不相同 。
在传递给函数之前，nums 在预先未知的某个下标 k（0 &amp;lt;= k &amp;lt; nums.length）上进行了 旋转，使数组变为 [nums[k], nums[k+1], &amp;hellip;, nums[n-1], nums[0], nums[1], &amp;hellip;, nums[k-1]]（下标 从 0 开始 计数）。例如， [0,1,2,4,5,6,7] 在下标 3 处经旋转后可能变为 [4,5,6,7,0,1,2] 。
给你 旋转后 的数组 nums 和一个整数 target ，如果 nums 中存在这个目标值 target ，则返回它的下标，否则返回 -1 。
示例 1：
输入：nums = [4,5,6,7,0,1,2], target = 0 输出：4 示例 2：
输入：nums = [4,5,6,7,0,1,2], target = 3 输出：-1 示例 3：</description>
    </item>
    
    <item>
      <title></title>
      <link>https://books.grayson.top/school-recruitment/docs/algorithm/1%E7%AE%97%E6%B3%95%E6%A1%86%E6%9E%B6/1.2-%E4%BA%8C%E5%88%86%E6%9F%A5%E6%89%BE/1.2.3-%E5%A6%82%E4%BD%95%E8%BF%90%E7%94%A8%E4%BA%8C%E5%88%86%E6%9F%A5%E6%89%BE%E7%AE%97%E6%B3%95/</link>
      <pubDate>Mon, 01 Jan 0001 00:00:00 +0000</pubDate>
      
      <guid>https://books.grayson.top/school-recruitment/docs/algorithm/1%E7%AE%97%E6%B3%95%E6%A1%86%E6%9E%B6/1.2-%E4%BA%8C%E5%88%86%E6%9F%A5%E6%89%BE/1.2.3-%E5%A6%82%E4%BD%95%E8%BF%90%E7%94%A8%E4%BA%8C%E5%88%86%E6%9F%A5%E6%89%BE%E7%AE%97%E6%B3%95/</guid>
      <description>如何运用二分查找算法 #  1 二分查找适用场景 #  在有序数组中搜索给定的目标值的索引，如果目标值重复，可以返回目标值的左侧边界索引或者右侧边界索引。
2 场景示例 #  2.1 Koko 吃⾹蕉 #  2.1.1 题目 #  珂珂喜欢吃香蕉。这里有 N 堆香蕉，第 i 堆中有 piles[i] 根香蕉。警卫已经离开了，将在 H 小时后回来。
珂珂可以决定她吃香蕉的速度 K （单位：根/小时）。每个小时，她将会选择一堆香蕉，从中吃掉 K 根。如果这堆香蕉少于 K 根，她将吃掉这堆的所有香蕉，然后这一小时内不会再吃更多的香蕉。
珂珂喜欢慢慢吃，但仍然想在警卫回来前吃掉所有的香蕉。
返回她可以在 H 小时内吃掉所有香蕉的最小速度 K（K 为整数）。
示例 1：
输入: piles = [3,6,7,11], H = 8 输出: 4 示例 2：
输入: piles = [30,11,23,4,20], H = 5 输出: 30 示例 3：
输入: piles = [30,11,23,4,20], H = 6 输出: 23 2.</description>
    </item>
    
  </channel>
</rss>
