<?xml version="1.0" encoding="utf-8" standalone="yes"?>
<rss version="2.0" xmlns:atom="http://www.w3.org/2005/Atom">
  <channel>
    <title>Computer Cookbook School Recruitment</title>
    <link>https://books.grayson.top/school-recruitment/docs/database/3Redis/3.2-%E7%BA%BF%E7%A8%8B%E6%A8%A1%E5%9E%8B/</link>
    <description>Recent content on Computer Cookbook School Recruitment</description>
    <generator>Hugo -- gohugo.io</generator><atom:link href="https://books.grayson.top/school-recruitment/docs/database/3Redis/3.2-%E7%BA%BF%E7%A8%8B%E6%A8%A1%E5%9E%8B/index.xml" rel="self" type="application/rss+xml" />
  </channel>
</rss>
