<?xml version="1.0" encoding="utf-8" standalone="yes"?>
<rss version="2.0" xmlns:atom="http://www.w3.org/2005/Atom">
  <channel>
    <title>Computer Cookbook School Recruitment</title>
    <link>https://books.grayson.top/school-recruitment/docs/algorithm/1%E7%AE%97%E6%B3%95%E6%A1%86%E6%9E%B6/1.3-%E6%95%B0%E6%8D%AE%E7%BB%93%E6%9E%84/</link>
    <description>Recent content on Computer Cookbook School Recruitment</description>
    <generator>Hugo -- gohugo.io</generator><atom:link href="https://books.grayson.top/school-recruitment/docs/algorithm/1%E7%AE%97%E6%B3%95%E6%A1%86%E6%9E%B6/1.3-%E6%95%B0%E6%8D%AE%E7%BB%93%E6%9E%84/index.xml" rel="self" type="application/rss+xml" />
    <item>
      <title></title>
      <link>https://books.grayson.top/school-recruitment/docs/algorithm/1%E7%AE%97%E6%B3%95%E6%A1%86%E6%9E%B6/1.3-%E6%95%B0%E6%8D%AE%E7%BB%93%E6%9E%84/1.3.1-%E5%8F%8D%E8%BD%AC%E9%93%BE%E8%A1%A8/</link>
      <pubDate>Mon, 01 Jan 0001 00:00:00 +0000</pubDate>
      
      <guid>https://books.grayson.top/school-recruitment/docs/algorithm/1%E7%AE%97%E6%B3%95%E6%A1%86%E6%9E%B6/1.3-%E6%95%B0%E6%8D%AE%E7%BB%93%E6%9E%84/1.3.1-%E5%8F%8D%E8%BD%AC%E9%93%BE%E8%A1%A8/</guid>
      <description>反转链表 #  1 反转整个链表 #  1.1 题目 #  反转一个单链表。
示例:
输入: 1-&amp;gt;2-&amp;gt;3-&amp;gt;4-&amp;gt;5-&amp;gt;NULL 输出: 5-&amp;gt;4-&amp;gt;3-&amp;gt;2-&amp;gt;1-&amp;gt;NULL 进阶: 你可以迭代或递归地反转链表。你能否用两种方法解决这道题？
1.2 问题解析 #  对于递归算法，最重要的就是明确递归函数的定义。 具体来说，我们的函数定义是这样的：
 输入一个节点 head，将以 head 为起点的链表反转，并返回反转之后的头结点。  示例代码如下：
/** * 206.反转链表（版本 2-递归） * 反转一个单链表。 * @param head 单链表的头指针 * @return 反转后的单链表 */ public ListNode reverse(ListNode head) { // 如果输入的 head 为 null，则返回 null  if (head == null) {return null;} if (head.next == null) {return head;} ListNode last = reverse(head.</description>
    </item>
    
    <item>
      <title></title>
      <link>https://books.grayson.top/school-recruitment/docs/algorithm/1%E7%AE%97%E6%B3%95%E6%A1%86%E6%9E%B6/1.3-%E6%95%B0%E6%8D%AE%E7%BB%93%E6%9E%84/1.3.2-%E6%95%B0%E7%BB%84%E4%B8%AD%E7%9A%84%E7%AC%ACk%E4%B8%AA%E6%9C%80%E5%A4%A7%E5%85%83%E7%B4%A0/</link>
      <pubDate>Mon, 01 Jan 0001 00:00:00 +0000</pubDate>
      
      <guid>https://books.grayson.top/school-recruitment/docs/algorithm/1%E7%AE%97%E6%B3%95%E6%A1%86%E6%9E%B6/1.3-%E6%95%B0%E6%8D%AE%E7%BB%93%E6%9E%84/1.3.2-%E6%95%B0%E7%BB%84%E4%B8%AD%E7%9A%84%E7%AC%ACk%E4%B8%AA%E6%9C%80%E5%A4%A7%E5%85%83%E7%B4%A0/</guid>
      <description>数组中的第k个最大元素 #  1 题目 #  在未排序的数组中找到第 k 个最大的元素。请注意，你需要找的是数组排序后的第 k 个最大的元素，而不是第 k 个不同的元素。
示例 1:
输入: [3,2,1,5,6,4] 和 k = 2 输出: 5 示例 2:
输入: [3,2,3,1,2,4,5,5,6] 和 k = 4 输出: 4 说明:
你可以假设 k 总是有效的，且 1 ≤ k ≤ 数组的长度。
2 解题思路 #  下面代码中用到的 CommonUtils 工具类代码如下：
/** * @author peng.wei * @version 1.0 * @date 2021/5/3 20:53 * @Description 通用工具类 */ public class CommonUtils { /** * 交换数组中两个指定位置的元素 * @param arr 数组 * @param i 下标 1 * @param j 下标 2 */ public static void swap(int[] arr, int i, int j) { int temp = arr[i]; arr[i] = arr[j]; arr[j] = temp; } } 2.</description>
    </item>
    
    <item>
      <title></title>
      <link>https://books.grayson.top/school-recruitment/docs/algorithm/1%E7%AE%97%E6%B3%95%E6%A1%86%E6%9E%B6/1.3-%E6%95%B0%E6%8D%AE%E7%BB%93%E6%9E%84/1.3.3-%E4%BA%8C%E5%8F%89%E6%A0%91%E7%9A%84%E6%9C%80%E8%BF%91%E5%85%AC%E5%85%B1%E7%A5%96%E5%85%88/</link>
      <pubDate>Mon, 01 Jan 0001 00:00:00 +0000</pubDate>
      
      <guid>https://books.grayson.top/school-recruitment/docs/algorithm/1%E7%AE%97%E6%B3%95%E6%A1%86%E6%9E%B6/1.3-%E6%95%B0%E6%8D%AE%E7%BB%93%E6%9E%84/1.3.3-%E4%BA%8C%E5%8F%89%E6%A0%91%E7%9A%84%E6%9C%80%E8%BF%91%E5%85%AC%E5%85%B1%E7%A5%96%E5%85%88/</guid>
      <description>二叉树的最近公共祖先 #  1 题目 #  给定一个二叉树, 找到该树中两个指定节点的最近公共祖先。
 百度百科中最近公共祖先的定义为：“对于有根树 T 的两个节点 p、q，最近公共祖先表示为一个节点 x，满足 x 是 p、q 的祖先且 x 的深度尽可能大（一个节点也可以是它自己的祖先）。”
示例 1：
 输入：root = [3,5,1,6,2,0,8,null,null,7,4], p = 5, q = 1 输出：3 解释：节点 5 和节点 1 的最近公共祖先是节点 3 。 示例 2：
 输入：root = [3,5,1,6,2,0,8,null,null,7,4], p = 5, q = 4 输出：5 解释：节点 5 和节点 4 的最近公共祖先是节点 5 。因为根据定义最近公共祖先节点可以为节点本身。 示例 3：
输入：root = [1,2], p = 1, q = 2 输出：1 提示：</description>
    </item>
    
  </channel>
</rss>
