<?xml version="1.0" encoding="utf-8" standalone="yes"?>
<rss version="2.0" xmlns:atom="http://www.w3.org/2005/Atom">
  <channel>
    <title>Computer Cookbook School Recruitment</title>
    <link>https://books.grayson.top/school-recruitment/docs/algorithm/2%E9%AB%98%E9%A2%91%E9%9D%A2%E8%AF%95%E9%A2%98/</link>
    <description>Recent content on Computer Cookbook School Recruitment</description>
    <generator>Hugo -- gohugo.io</generator><atom:link href="https://books.grayson.top/school-recruitment/docs/algorithm/2%E9%AB%98%E9%A2%91%E9%9D%A2%E8%AF%95%E9%A2%98/index.xml" rel="self" type="application/rss+xml" />
    <item>
      <title></title>
      <link>https://books.grayson.top/school-recruitment/docs/algorithm/2%E9%AB%98%E9%A2%91%E9%9D%A2%E8%AF%95%E9%A2%98/2.2-%E4%BA%8C%E5%88%86%E6%9F%A5%E6%89%BE/</link>
      <pubDate>Mon, 01 Jan 0001 00:00:00 +0000</pubDate>
      
      <guid>https://books.grayson.top/school-recruitment/docs/algorithm/2%E9%AB%98%E9%A2%91%E9%9D%A2%E8%AF%95%E9%A2%98/2.2-%E4%BA%8C%E5%88%86%E6%9F%A5%E6%89%BE/</guid>
      <description>二分查找 #  </description>
    </item>
    
  </channel>
</rss>
