<?xml version="1.0" encoding="utf-8" standalone="yes"?>
<rss version="2.0" xmlns:atom="http://www.w3.org/2005/Atom">
  <channel>
    <title>Computer Cookbook School Recruitment</title>
    <link>https://books.grayson.top/school-recruitment/docs/computer-basics/1%E8%AE%A1%E7%AE%97%E6%9C%BA%E7%BD%91%E7%BB%9C/1.3-%E8%AE%A1%E7%AE%97%E5%85%B6%E7%BD%91%E7%BB%9C%E4%BD%93%E7%B3%BB%E7%BB%93%E6%9E%84/</link>
    <description>Recent content on Computer Cookbook School Recruitment</description>
    <generator>Hugo -- gohugo.io</generator><atom:link href="https://books.grayson.top/school-recruitment/docs/computer-basics/1%E8%AE%A1%E7%AE%97%E6%9C%BA%E7%BD%91%E7%BB%9C/1.3-%E8%AE%A1%E7%AE%97%E5%85%B6%E7%BD%91%E7%BB%9C%E4%BD%93%E7%B3%BB%E7%BB%93%E6%9E%84/index.xml" rel="self" type="application/rss+xml" />
  </channel>
</rss>
