<?xml version="1.0" encoding="utf-8" standalone="yes"?>
<rss version="2.0" xmlns:atom="http://www.w3.org/2005/Atom">
  <channel>
    <title>2、操作系统 on Computer Cookbook School Recruitment</title>
    <link>https://books.grayson.top/school-recruitment/docs/computer-basics/2%E6%93%8D%E4%BD%9C%E7%B3%BB%E7%BB%9F/</link>
    <description>Recent content in 2、操作系统 on Computer Cookbook School Recruitment</description>
    <generator>Hugo -- gohugo.io</generator><atom:link href="https://books.grayson.top/school-recruitment/docs/computer-basics/2%E6%93%8D%E4%BD%9C%E7%B3%BB%E7%BB%9F/index.xml" rel="self" type="application/rss+xml" />
  </channel>
</rss>
