<?xml version="1.0" encoding="utf-8" standalone="yes"?>
<rss version="2.0" xmlns:atom="http://www.w3.org/2005/Atom">
  <channel>
    <title>Computer Cookbook School Recruitment</title>
    <link>https://books.grayson.top/school-recruitment/docs/algorithm/2%E9%AB%98%E9%A2%91%E9%9D%A2%E8%AF%95%E9%A2%98/2.8-%E5%8A%A8%E6%80%81%E8%A7%84%E5%88%92/</link>
    <description>Recent content on Computer Cookbook School Recruitment</description>
    <generator>Hugo -- gohugo.io</generator><atom:link href="https://books.grayson.top/school-recruitment/docs/algorithm/2%E9%AB%98%E9%A2%91%E9%9D%A2%E8%AF%95%E9%A2%98/2.8-%E5%8A%A8%E6%80%81%E8%A7%84%E5%88%92/index.xml" rel="self" type="application/rss+xml" />
    <item>
      <title></title>
      <link>https://books.grayson.top/school-recruitment/docs/algorithm/2%E9%AB%98%E9%A2%91%E9%9D%A2%E8%AF%95%E9%A2%98/2.8-%E5%8A%A8%E6%80%81%E8%A7%84%E5%88%92/2.8.1-%E5%A6%82%E4%BD%95%E9%AB%98%E6%95%88%E8%A7%A3%E5%86%B3%E6%8E%A5%E9%9B%A8%E6%B0%B4%E9%97%AE%E9%A2%98/</link>
      <pubDate>Mon, 01 Jan 0001 00:00:00 +0000</pubDate>
      
      <guid>https://books.grayson.top/school-recruitment/docs/algorithm/2%E9%AB%98%E9%A2%91%E9%9D%A2%E8%AF%95%E9%A2%98/2.8-%E5%8A%A8%E6%80%81%E8%A7%84%E5%88%92/2.8.1-%E5%A6%82%E4%BD%95%E9%AB%98%E6%95%88%E8%A7%A3%E5%86%B3%E6%8E%A5%E9%9B%A8%E6%B0%B4%E9%97%AE%E9%A2%98/</guid>
      <description>如何高效解决接雨水问题 #  2.3.1 题目 #  给定 n 个非负整数表示每个宽度为 1 的柱子的高度图，计算按此排列的柱子，下雨之后能接多少雨水。
示例 1：
 输入：height = [0,1,0,2,1,0,1,3,2,1,2,1] 输出：6 解释：上面是由数组 [0,1,0,2,1,0,1,3,2,1,2,1] 表示的高度图，在这种情况下，可以接 6 个单位的雨水（蓝色部分表示雨水）。 示例 2：
输入：height = [4,2,0,3,2,5] 输出：9 2.3.2 核心思路 #  对于这种问题，我们不要想整体，而应该去想局部。这么一想，可以发现这道题的思路其实很简单。具体来说，仅仅对于位置 i，能装下能装 2 格水。
 这是因为位置 i 能达到的水柱高度和其左边的最高柱子、右边的最高柱子有关，假设这两个柱子的高度分别为 leftMax 和 rightMax，则位置 i 的水柱高度为：
water[i] = min(leftMax, rightMax) - height[i]   2.3.3 解法 #  2.3.3.1 暴力解法 #  /** * 获取一个数组中指定下标范围内的最大值 * @param height 数组 * @param startIndex 起始坐标 * @param endIndex 结束坐标 * @return 该数组指定下标范围内的最大值 */ public static int getMax(int[] height, int startIndex, int endIndex) { int max = -1; if (startIndex &amp;lt; 0 || endIndex &amp;gt; height.</description>
    </item>
    
    <item>
      <title></title>
      <link>https://books.grayson.top/school-recruitment/docs/algorithm/2%E9%AB%98%E9%A2%91%E9%9D%A2%E8%AF%95%E9%A2%98/2.8-%E5%8A%A8%E6%80%81%E8%A7%84%E5%88%92/2.8.2-%E6%9C%80%E5%B0%91%E4%BE%A7%E8%B7%B3%E6%AC%A1%E6%95%B0/</link>
      <pubDate>Mon, 01 Jan 0001 00:00:00 +0000</pubDate>
      
      <guid>https://books.grayson.top/school-recruitment/docs/algorithm/2%E9%AB%98%E9%A2%91%E9%9D%A2%E8%AF%95%E9%A2%98/2.8-%E5%8A%A8%E6%80%81%E8%A7%84%E5%88%92/2.8.2-%E6%9C%80%E5%B0%91%E4%BE%A7%E8%B7%B3%E6%AC%A1%E6%95%B0/</guid>
      <description>最少侧跳次数 #  1 题目 #  给你一个长度为 n 的 3 跑道道路 ，它总共包含 n + 1 个 点 ，编号为 0 到 n 。一只青蛙从 0 号点第二条跑道 出发 ，它想要跳到点 n 处。然而道路上可能有一些障碍。
给你一个长度为 n + 1 的数组 obstacles ，其中 obstacles[i] （取值范围从 0 到 3）表示在点 i 处的 obstacles[i] 跑道上有一个障碍。如果 obstacles[i] == 0 ，那么点 i 处没有障碍。任何一个点的三条跑道中 最多有一个 障碍。
比方说，如果 obstacles[2] == 1 ，那么说明在点 2 处跑道 1 有障碍。 这只青蛙从点 i 跳到点 i + 1 且跑道不变的前提是点 i + 1 的同一跑道上没有障碍。为了躲避障碍，这只青蛙也可以在 同一个 点处 侧跳 到 另外一条 跑道（这两条跑道可以不相邻），但前提是跳过去的跑道该点处没有障碍。</description>
    </item>
    
  </channel>
</rss>
