<?xml version="1.0" encoding="utf-8" standalone="yes"?>
<rss version="2.0" xmlns:atom="http://www.w3.org/2005/Atom">
  <channel>
    <title>Computer Cookbook School Recruitment</title>
    <link>https://books.grayson.top/school-recruitment/docs/algorithm/2%E9%AB%98%E9%A2%91%E9%9D%A2%E8%AF%95%E9%A2%98/2.7-%E9%98%9F%E5%88%97/</link>
    <description>Recent content on Computer Cookbook School Recruitment</description>
    <generator>Hugo -- gohugo.io</generator><atom:link href="https://books.grayson.top/school-recruitment/docs/algorithm/2%E9%AB%98%E9%A2%91%E9%9D%A2%E8%AF%95%E9%A2%98/2.7-%E9%98%9F%E5%88%97/index.xml" rel="self" type="application/rss+xml" />
    <item>
      <title></title>
      <link>https://books.grayson.top/school-recruitment/docs/algorithm/2%E9%AB%98%E9%A2%91%E9%9D%A2%E8%AF%95%E9%A2%98/2.7-%E9%98%9F%E5%88%97/2.7.1-%E7%94%A8%E6%A0%88%E5%AE%9E%E7%8E%B0%E9%98%9F%E5%88%97/</link>
      <pubDate>Mon, 01 Jan 0001 00:00:00 +0000</pubDate>
      
      <guid>https://books.grayson.top/school-recruitment/docs/algorithm/2%E9%AB%98%E9%A2%91%E9%9D%A2%E8%AF%95%E9%A2%98/2.7-%E9%98%9F%E5%88%97/2.7.1-%E7%94%A8%E6%A0%88%E5%AE%9E%E7%8E%B0%E9%98%9F%E5%88%97/</guid>
      <description>用栈实现队列 #  1 题目 #  请你仅使用两个栈实现先入先出队列。队列应当支持一般队列支持的所有操作（push、pop、peek、empty）：
实现 MyQueue 类：
 void push(int x) 将元素 x 推到队列的末尾 int pop() 从队列的开头移除并返回元素 int peek() 返回队列开头的元素 boolean empty() 如果队列为空，返回 true ；否则，返回 false  说明：
 你只能使用标准的栈操作 —— 也就是只有 push to top, peek/pop from top, size, 和 is empty 操作是合法的。 你所使用的语言也许不支持栈。你可以使用 list 或者 deque（双端队列）来模拟一个栈，只要是标准的栈操作即可。  进阶：
 你能否实现每个操作均摊时间复杂度为 O(1) 的队列？换句话说，执行 n 个操作的总时间复杂度为 O(n) ，即使其中一个操作可能花费较长时间。  示例：
输入： [&amp;#34;MyQueue&amp;#34;, &amp;#34;push&amp;#34;, &amp;#34;push&amp;#34;, &amp;#34;peek&amp;#34;, &amp;#34;pop&amp;#34;, &amp;#34;empty&amp;#34;] [[], [1], [2], [], [], []] 输出： [null, null, null, 1, 1, false] 解释： MyQueue myQueue = new MyQueue(); myQueue.</description>
    </item>
    
  </channel>
</rss>
