<?xml version="1.0" encoding="utf-8" standalone="yes"?>
<rss version="2.0" xmlns:atom="http://www.w3.org/2005/Atom">
  <channel>
    <title>第四章 设计模式 on Computer Cookbook School Recruitment</title>
    <link>https://books.grayson.top/school-recruitment/docs/design-pattern/</link>
    <description>Recent content in 第四章 设计模式 on Computer Cookbook School Recruitment</description>
    <generator>Hugo -- gohugo.io</generator><atom:link href="https://books.grayson.top/school-recruitment/docs/design-pattern/index.xml" rel="self" type="application/rss+xml" />
    <item>
      <title></title>
      <link>https://books.grayson.top/school-recruitment/docs/design-pattern/1%E6%A6%82%E8%BF%B0/</link>
      <pubDate>Mon, 01 Jan 0001 00:00:00 +0000</pubDate>
      
      <guid>https://books.grayson.top/school-recruitment/docs/design-pattern/1%E6%A6%82%E8%BF%B0/</guid>
      <description>概述 #  1 设计模式分类 #   设计模式可以分为三大类，分别是创建型模式、结构型模式、行为型模式。
1.1 创建型模式 #  创建型模式共五种，分别是：
 工厂模式。 抽象工厂模式。 单例模式。 建造者模式。 原型模式。  1.2 结构型模式 #  结构型模式共七种，分别是：
 适配器模式。 装饰器模式。 代理模式。 外观模式。 桥接模式。 组合模式。 享元模式。  1.3 行为型模式 #  行为型模式共十一种，分别是：
 策略模式。 模板模式。 观察者模式。 迭代子模式。 责任链模式。 命令模式。 备忘录模式。 状态模式。 访问者模式。 中介者模式。 解释器模式。  参考文献 #    设计模式面试题（总结最全面的面试题！！！）。  </description>
    </item>
    
  </channel>
</rss>
